{"cameraMode":{"drawMode":0,"name":"Shaded","section":"Shading Mode"},"sceneLighting":false,"audioPlay":false,"sceneViewState":{"showFog":true,"showMaterialUpdate":false,"showSkybox":true,"showFlares":true,"showImageEffects":true,"showParticleSystems":true},"in2DMode":false,"pivot":{"x":-0.7259337902069092,"y":1.7173408269882203,"z":0.301225483417511},"rotation":{"x":-0.15061838924884797,"y":0.7043073177337647,"z":-0.15698641538619996,"w":-0.6757370829582214},"size":0.8452403545379639,"orthographic":false}