{"cameraMode":{"drawMode":0,"name":"Shaded","section":"Shading Mode"},"sceneLighting":false,"audioPlay":false,"sceneViewState":{"showFog":true,"showMaterialUpdate":false,"showSkybox":true,"showFlares":true,"showImageEffects":true,"showParticleSystems":true},"in2DMode":false,"pivot":{"x":88.1610107421875,"y":76.9151611328125,"z":341.69635009765627},"rotation":{"x":-0.022029930725693704,"y":-0.25885137915611269,"z":0.005905378144234419,"w":-0.9656478762626648},"size":22.0,"orthographic":false}