{"cameraMode":{"drawMode":0,"name":"Shaded","section":"Shading Mode"},"sceneLighting":false,"audioPlay":false,"sceneViewState":{"showFog":true,"showMaterialUpdate":false,"showSkybox":true,"showFlares":true,"showImageEffects":true,"showParticleSystems":true},"in2DMode":false,"pivot":{"x":-0.33392155170440676,"y":1.0382275581359864,"z":0.38901472091674807},"rotation":{"x":0.06156621500849724,"y":0.9280853271484375,"z":-0.17782460153102876,"w":0.321318656206131},"size":2.032240867614746,"orthographic":false}